{"ECE_with_equal_mass": 0.3257427720221669, "ICE_smooth": 0.3257429488378557, "ICE_soft": 0.3257429488378557, "ICE_strong": 0.3257429488378557, "CECE": 0.5595374702156154, "MSECE": 0.4999998461409134, "WSECE": 0.3280571436081155, "RBECE": 0.3257429488378557}
