{"ECE_with_equal_mass": 0.13066332951570167, "ICE_smooth": 0.05586368083953852, "ICE_soft": 0.05586368083953852, "ICE_strong": 0.055863680839538514, "CECE": 0.23451189432579145, "MSECE": 0.218898359713731, "WSECE": 0.19551365662504128, "RBECE": 0.05586368083953852}
