{"Epoch": 0, "Iteration": 4, "train_acc": 0.703125, "loss_value": 0.6430754661560059, "lr": 0.1}
{"testAcc": 0.699999988079071}
{"ECE_with_equal_mass": 0.18539344316873793, "ICE_smooth": 0.1776082038879394, "ICE_soft": 0.1776082038879394, "ICE_strong": 0.1776082038879394, "CECE": 0.5011718955068131, "MSECE": 0.5001706937948862, "WSECE": 0.49121952176094047, "RBECE": 0.1776082038879394}
{"Epoch": 1, "Iteration": 8, "train_acc": 0.7265625, "loss_value": 0.6075830459594727, "lr": 0.1}
{"testAcc": 0.699999988079071}
{"ECE_with_equal_mass": 0.19111267175429905, "ICE_smooth": 0.1833263754844665, "ICE_soft": 0.1833263754844665, "ICE_strong": 0.1833263754844665, "CECE": 0.5006957944408523, "MSECE": 0.5001416544119517, "WSECE": 0.49348254323005675, "RBECE": 0.1833263754844665}
{"Epoch": 2, "Iteration": 12, "train_acc": 0.6875, "loss_value": 0.6309813261032104, "lr": 0.1}
{"testAcc": 0.699999988079071}
{"ECE_with_equal_mass": 0.19738880640421164, "ICE_smooth": 0.18960179090499873, "ICE_soft": 0.18960179090499873, "ICE_strong": 0.18960179090499873, "CECE": 0.5003215796953646, "MSECE": 0.5001070082187652, "WSECE": 0.495963411728541, "RBECE": 0.18960179090499873}
{"Epoch": 3, "Iteration": 16, "train_acc": 0.703125, "loss_value": 0.6101007461547852, "lr": 0.1}
{"Epoch": 3, "Iteration": 20, "train_acc": 0.7954545617103577, "loss_value": 0.5281991958618164, "lr": 0.1}
{"testAcc": 0.699999988079071}
{"ECE_with_equal_mass": 0.20874001062833344, "ICE_smooth": 0.19558180570602413, "ICE_soft": 0.19558180570602413, "ICE_strong": 0.19558180570602413, "CECE": 0.5001081178778757, "MSECE": 0.5000700175762176, "WSECE": 0.4983240362008412, "RBECE": 0.19558180570602413}
{"Epoch": 4, "Iteration": 24, "train_acc": 0.6796875, "loss_value": 0.5883641242980957, "lr": 0.1}
{"testAcc": 0.6349999904632568}
{"ECE_with_equal_mass": 0.18599679989692494, "ICE_smooth": 0.13348836660385133, "ICE_soft": 0.13348836660385133, "ICE_strong": 0.13348836660385133, "CECE": 0.30392264691409593, "MSECE": 0.30283017224735687, "WSECE": 0.3101057125462427, "RBECE": 0.13348836660385133}
{"Epoch": 5, "Iteration": 28, "train_acc": 0.734375, "loss_value": 0.5683757662773132, "lr": 0.1}
{"testAcc": 0.7049999833106995}
{"ECE_with_equal_mass": 0.21991337873996833, "ICE_smooth": 0.20165188789367672, "ICE_soft": 0.20165188789367672, "ICE_strong": 0.20165188789367672, "CECE": 0.49171793138572756, "MSECE": 0.4916657129923503, "WSECE": 0.4936924934387207, "RBECE": 0.20165188789367672}
{"Epoch": 6, "Iteration": 32, "train_acc": 0.703125, "loss_value": 0.6026409864425659, "lr": 0.1}
{"testAcc": 0.7199999690055847}
{"ECE_with_equal_mass": 0.220537626131987, "ICE_smooth": 0.21736297130584714, "ICE_soft": 0.21736297130584717, "ICE_strong": 0.21736297130584714, "CECE": 0.4462154381204445, "MSECE": 0.44259358799016035, "WSECE": 0.458608619151292, "RBECE": 0.21736297130584714}
{"Epoch": 7, "Iteration": 36, "train_acc": 0.6796875, "loss_value": 0.6293736696243286, "lr": 0.1}
{"Epoch": 7, "Iteration": 40, "train_acc": 0.6136363744735718, "loss_value": 0.6465579271316528, "lr": 0.1}
{"testAcc": 0.6549999713897705}
{"ECE_with_equal_mass": 0.170309794254792, "ICE_smooth": 0.15333291769027713, "ICE_soft": 0.15333291769027713, "ICE_strong": 0.15333291769027713, "CECE": 0.31142380991182383, "MSECE": 0.31112284329202444, "WSECE": 0.31499350402090287, "RBECE": 0.15333291769027713}
{"Epoch": 8, "Iteration": 44, "train_acc": 0.625, "loss_value": 0.6612986922264099, "lr": 0.1}
{"testAcc": 0.5399999618530273}
{"ECE_with_equal_mass": 0.1045261664268298, "ICE_smooth": 0.03866920709609989, "ICE_soft": 0.03866920709609989, "ICE_strong": 0.03866920709609989, "CECE": 0.13506887085411123, "MSECE": 0.13505615503699692, "WSECE": 0.1355803457454399, "RBECE": 0.03866920709609989}
{"Epoch": 9, "Iteration": 48, "train_acc": 0.4375, "loss_value": 0.568332314491272, "lr": 0.1}
{"testAcc": 0.45499998331069946}
{"ECE_with_equal_mass": 0.08558850196691657, "ICE_smooth": 0.0464103055000305, "ICE_soft": 0.0464103055000305, "ICE_strong": 0.0464103055000305, "CECE": 0.23883343800421605, "MSECE": 0.2348465115935714, "WSECE": 0.22260680075044983, "RBECE": 0.0464103055000305}
{"Epoch": 10, "Iteration": 52, "train_acc": 0.359375, "loss_value": 0.6080859899520874, "lr": 0.1}
{"testAcc": 0.39499998092651367}
{"ECE_with_equal_mass": 0.12723192129379662, "ICE_smooth": 0.10677824497222899, "ICE_soft": 0.10677824497222899, "ICE_strong": 0.10677824497222899, "CECE": 0.32331395516445566, "MSECE": 0.3210521735526897, "WSECE": 0.3102733060607204, "RBECE": 0.10677824497222899}
{"Epoch": 11, "Iteration": 56, "train_acc": 0.390625, "loss_value": 0.620773434638977, "lr": 0.1}
{"Epoch": 11, "Iteration": 60, "train_acc": 0.34090909361839294, "loss_value": 0.5874515771865845, "lr": 0.1}
{"testAcc": 0.35999998450279236}
{"ECE_with_equal_mass": 0.15850986975889939, "ICE_smooth": 0.14221514701843263, "ICE_soft": 0.14221514701843263, "ICE_strong": 0.14221514701843263, "CECE": 0.3941262203404056, "MSECE": 0.39409830040401883, "WSECE": 0.3927714575661554, "RBECE": 0.14221514701843263}
{"Epoch": 12, "Iteration": 64, "train_acc": 0.390625, "loss_value": 0.6341792941093445, "lr": 0.1}
{"testAcc": 0.38999998569488525}
{"ECE_with_equal_mass": 0.13768230890616392, "ICE_smooth": 0.11195127725601195, "ICE_soft": 0.11195127725601195, "ICE_strong": 0.11195127725601194, "CECE": 0.34208876917545583, "MSECE": 0.3403957510436022, "WSECE": 0.33079328320644513, "RBECE": 0.11195127725601195}
{"Epoch": 13, "Iteration": 68, "train_acc": 0.6328125, "loss_value": 0.6474916934967041, "lr": 0.1}
{"testAcc": 0.6549999713897705}
{"ECE_with_equal_mass": 0.16566869815190632, "ICE_smooth": 0.15336677312850955, "ICE_soft": 0.15336677312850955, "ICE_strong": 0.15336677312850955, "CECE": 0.21753434589327775, "MSECE": 0.21642066438992819, "WSECE": 0.2226306394735972, "RBECE": 0.15336677312850955}
{"Epoch": 14, "Iteration": 72, "train_acc": 0.671875, "loss_value": 0.627511203289032, "lr": 0.1}
{"testAcc": 0.699999988079071}
{"ECE_with_equal_mass": 0.20565355068598037, "ICE_smooth": 0.19784326553344722, "ICE_soft": 0.19784326553344722, "ICE_strong": 0.19784326553344722, "CECE": 0.3121894844061868, "MSECE": 0.28702551545920196, "WSECE": 0.321020105988891, "RBECE": 0.19784326553344722}
{"Epoch": 15, "Iteration": 76, "train_acc": 0.7109375, "loss_value": 0.5941997170448303, "lr": 0.1}
{"Epoch": 15, "Iteration": 80, "train_acc": 0.6477272510528564, "loss_value": 0.65499347448349, "lr": 0.1}
{"testAcc": 0.7149999737739563}
{"ECE_with_equal_mass": 0.22042467533013763, "ICE_smooth": 0.21214601039886472, "ICE_soft": 0.21214601039886474, "ICE_strong": 0.21214601039886472, "CECE": 0.3889903239182657, "MSECE": 0.3831463575363159, "WSECE": 0.40207398573557535, "RBECE": 0.21214601039886472}
{"Epoch": 16, "Iteration": 84, "train_acc": 0.609375, "loss_value": 0.6078557372093201, "lr": 0.1}
{"testAcc": 0.6399999856948853}
{"ECE_with_equal_mass": 0.13950788027200944, "ICE_smooth": 0.13833142757415773, "ICE_soft": 0.13833142757415773, "ICE_strong": 0.13833142757415773, "CECE": 0.2132543394607, "MSECE": 0.21319812072647942, "WSECE": 0.2118133042918311, "RBECE": 0.13833142757415773}
{"Epoch": 17, "Iteration": 88, "train_acc": 0.3515625, "loss_value": 0.5683603286743164, "lr": 0.1}
{"testAcc": 0.4399999976158142}
{"ECE_with_equal_mass": 0.10100458065668738, "ICE_smooth": 0.06199705362319946, "ICE_soft": 0.06199705362319947, "ICE_strong": 0.06199705362319946, "CECE": 0.3176228182392609, "MSECE": 0.3069172704661334, "WSECE": 0.2839887990774932, "RBECE": 0.06199705362319946}
{"Epoch": 18, "Iteration": 92, "train_acc": 0.4375, "loss_value": 0.6406153440475464, "lr": 0.1}
{"testAcc": 0.6200000047683716}
{"ECE_with_equal_mass": 0.17590632102428339, "ICE_smooth": 0.1182728362083435, "ICE_soft": 0.1182728362083435, "ICE_strong": 0.1182728362083435, "CECE": 0.17542392464528567, "MSECE": 0.1725034206001847, "WSECE": 0.18148158912305476, "RBECE": 0.1182728362083435}
{"Epoch": 19, "Iteration": 96, "train_acc": 0.6796875,