{"ECE_with_equal_mass": 0.3922450251453847, "ICE_smooth": 0.4006437551050155, "ICE_soft": 0.3994378071988563, "ICE_strong": 0.3993038860858588, "CECE": 0.5796688686619562, "MSECE": 0.49947164859533816, "WSECE": 0.5795278665619015, "RBECE": 0.3971655537428145}
