{"Epoch": 0, "Iteration": 5, "train_acc": 0.5, "loss_value": 0.6972371339797974, "lr": 0.01}
{"testAcc": 0.001720445230603218}
{"Epoch": 1, "Iteration": 10, "train_acc": 0.5, "loss_value": 0.7023699879646301, "lr": 0.01}
{"testAcc": 0.9982795715332031}
{"Epoch": 2, "Iteration": 15, "train_acc": 0.5, "loss_value": 0.6961265802383423, "lr": 0.01}
{"testAcc": 0.9978933334350586}
{"Epoch": 3, "Iteration": 20, "train_acc": 0.5, "loss_value": 0.6953792572021484, "lr": 0.01}
{"testAcc": 0.001720445230603218}
{"Epoch": 4, "Iteration": 25, "train_acc": 0.5, "loss_value": 0.6947754621505737, "lr": 0.01}
{"testAcc": 0.001720445230603218}
{"Epoch": 5, "Iteration": 30, "train_acc": 0.5, "loss_value": 0.6935864686965942, "lr": 0.01}
{"testAcc": 0.9978582262992859}
{"Epoch": 6, "Iteration": 35, "train_acc": 0.5, "loss_value": 0.6938982605934143, "lr": 0.01}
{"testAcc": 0.9977880120277405}
{"Epoch": 7, "Iteration": 40, "train_acc": 0.5, "loss_value": 0.6932065486907959, "lr": 0.01}
{"testAcc": 0.001720445230603218}
{"Epoch": 8, "Iteration": 45, "train_acc": 0.5, "loss_value": 0.6934536099433899, "lr": 0.01}
{"testAcc": 0.001720445230603218}
{"Epoch": 9, "Iteration": 50, "train_acc": 0.5, "loss_value": 0.6931495666503906, "lr": 0.01}
{"testAcc": 0.9974544644355774}
{"Epoch": 10, "Iteration": 55, "train_acc": 0.5, "loss_value": 0.6932593584060669, "lr": 0.01}
{"testAcc": 0.9976651072502136}
{"Epoch": 11, "Iteration": 60, "train_acc": 0.5, "loss_value": 0.6931478381156921, "lr": 0.01}
{"testAcc": 0.001720445230603218}
{"Epoch": 12, "Iteration": 65, "train_acc": 0.5, "loss_value": 0.6931846141815186, "lr": 0.01}
{"testAcc": 0.001720445230603218}
{"Epoch": 13, "Iteration": 70, "train_acc": 0.5, "loss_value": 0.6931495666503906, "lr": 0.01}
{"testAcc": 0.0017380007775500417}
{"Epoch": 14, "Iteration": 75, "train_acc": 0.5, "loss_value": 0.6931582093238831, "lr": 0.01}
{"testAcc": 0.9973841905593872}
{"Epoch": 15, "Iteration": 80, "train_acc": 0.5, "loss_value": 0.6931494474411011, "lr": 0.01}
{"testAcc": 0.9972086548805237}
{"Epoch": 16, "Iteration": 85, "train_acc": 0.5, "loss_value": 0.6931502819061279, "lr": 0.01}
{"testAcc": 0.001720445230603218}
{"Epoch": 17, "Iteration": 90, "train_acc": 0.5, "loss_value": 0.6931486129760742, "lr": 0.01}
{"testAcc": 0.001720445230603218}
{"Epoch": 18, "Iteration": 95, "train_acc": 0.5, "loss_value": 0.6931477785110474, "lr": 0.01}
{"testAcc": 0.9972262382507324}
{"Epoch": 19, "Iteration": 100, "train_acc": 0.5, "loss_value": 0.6931477785110474, "lr": 0.01}
{"testAcc": 0.9972086548805237}
{"testAcc": 0.9972086548805237}
{"ECE_with_equal_mass": 0.49688749366831747, "ICE_smooth": 0.5171666845690908, "ICE_soft": 0.496869474359862, "ICE_strong": 0.49686942359060904, "CECE": 0.4995752984348141, "MSECE": 0.49957382501901615, "WSECE": 0.49871882610675, "RBECE": 0.4968170918418108}
