{"Epoch": 0, "Iteration": 4, "train_acc": 0.71875, "loss_value": 0.6118870973587036, "lr": 0.1}
{"Epoch": 1, "Iteration": 8, "train_acc": 0.6796875, "loss_value": 0.6297775506973267, "lr": 0.1}
{"Epoch": 2, "Iteration": 12, "train_acc": 0.78125, "loss_value": 0.5267454385757446, "lr": 0.1}
{"Epoch": 3, "Iteration": 16, "train_acc": 0.7578125, "loss_value": 0.606781005859375, "lr": 0.1}
{"Epoch": 3, "Iteration": 20, "train_acc": 0.6931818127632141, "loss_value": 0.6214990615844727, "lr": 0.1}
{"Epoch": 4, "Iteration": 24, "train_acc": 0.703125, "loss_value": 0.6079394221305847, "lr": 0.1}
{"Epoch": 5, "Iteration": 28, "train_acc": 0.71875, "loss_value": 0.6167637705802917, "lr": 0.1}
{"Epoch": 6, "Iteration": 32, "train_acc": 0.6953125, "loss_value": 0.6302641034126282, "lr": 0.1}
{"Epoch": 7, "Iteration": 36, "train_acc": 0.6796875, "loss_value": 0.6296314597129822, "lr": 0.1}
{"Epoch": 7, "Iteration": 40, "train_acc": 0.6477272510528564, "loss_value": 0.6855130195617676, "lr": 0.1}
{"Epoch": 8, "Iteration": 44, "train_acc": 0.7421875, "loss_value": 0.628112256526947, "lr": 0.1}
{"Epoch": 9, "Iteration": 48, "train_acc": 0.6796875, "loss_value": 0.7095780968666077, "lr": 0.1}
{"Epoch": 10, "Iteration": 52, "train_acc": 0.71875, "loss_value": 0.6834107041358948, "lr": 0.1}
{"Epoch": 11, "Iteration": 56, "train_acc": 0.7578125, "loss_value": 0.5715675354003906, "lr": 0.1}
{"Epoch": 11, "Iteration": 60, "train_acc": 0.7159090638160706, "loss_value": 0.6657202243804932, "lr": 0.1}
{"Epoch": 12, "Iteration": 64, "train_acc": 0.7109375, "loss_value": 0.6219912171363831, "lr": 0.1}
{"Epoch": 13, "Iteration": 68, "train_acc": 0.703125, "loss_value": 0.6184884309768677, "lr": 0.1}
{"Epoch": 14, "Iteration": 72, "train_acc": 0.703125, "loss_value": 0.6218908429145813, "lr": 0.1}
{"Epoch": 15, "Iteration": 76, "train_acc": 0.6875, "loss_value": 0.6250423789024353, "lr": 0.1}
{"Epoch": 15, "Iteration": 80, "train_acc": 0.7045454382896423, "loss_value": 0.6082664728164673, "lr": 0.1}
{"Epoch": 16, "Iteration": 84, "train_acc": 0.6640625, "loss_value": 0.6449673771858215, "lr": 0.1}
{"Epoch": 17, "Iteration": 88, "train_acc": 0.703125, "loss_value": 0.6131967902183533, "lr": 0.1}
{"Epoch": 18, "Iteration": 92, "train_acc": 0.71875, "loss_value": 0.593031108379364, "lr": 0.1}
{"Epoch": 19, "Iteration": 96, "train_acc": 0.6875, "loss_value": 0.6192236542701721, "lr": 0.1}
{"Epoch": 19, "Iteration": 100, "train_acc": 0.625, "loss_value": 0.7275524735450745, "lr": 0.1}
