{"ECE_with_equal_mass": 0.12439515416182348, "ICE_smooth": 0.0002459704541443175, "ICE_soft": 0.0002459704541443175, "ICE_strong": 0.0002459704541443175, "CECE": 0.5799457954555136, "MSECE": 0.49980902000133676, "WSECE": 0.4197559543952583, "RBECE": 0.0002459704541443175}
{"ECE_with_equal_mass": 0.1805399362153772, "ICE_smooth": 0.003675967942152525, "ICE_soft": 0.003675967942152525, "ICE_strong": 0.003675967942152525, "CECE": 0.5806534757153835, "MSECE": 0.4981165320253437, "WSECE": 0.41701115251956367, "RBECE": 0.003675967942152525}
