{"ECE_with_equal_mass": 0.06974000716820743, "ICE_smooth": 0.017405676841735884, "ICE_soft": 0.017405676841735884, "ICE_strong": 0.017405676841735884, "CECE": 0.5941446997313924, "MSECE": 0.49988360007603966, "WSECE": 0.4130554223060608, "RBECE": 0.017405676841735884}
