{"Stage": 1, "Epoch": 0, "Iteration": 4, "train_acc": 0.28125, "loss_value": 0.5845742225646973, "lr": 0.1}
{"testAcc": 0.699999988079071}
{"ECE_with_equal_mass": 0.13905628338838233, "ICE_smooth": 0.09251009225845341, "ICE_soft": 0.09251009225845341, "ICE_strong": 0.09251009225845341, "CECE": 0.6709877540166447, "MSECE": 0.4999054849147796, "WSECE": 0.3829268785317738, "RBECE": 0.09251009225845341}
{"Stage": 1, "Epoch": 1, "Iteration": 8, "train_acc": 0.671875, "loss_value": 0.41995352506637573, "lr": 0.1}
{"testAcc": 0.699999988079071}
{"ECE_with_equal_mass": 0.19902951472844832, "ICE_smooth": 0.19238554239273076, "ICE_soft": 0.19238554239273076, "ICE_strong": 0.19238554239273076, "CECE": 0.8078490070203838, "MSECE": 0.49994535446166993, "WSECE": 0.3430071496963501, "RBECE": 0.19238554239273076}
{"Stage": 1, "Epoch": 2, "Iteration": 12, "train_acc": 0.6796875, "loss_value": 0.924382746219635, "lr": 0.1}
{"testAcc": 0.699999988079071}
{"ECE_with_equal_mass": 0.15671764612197875, "ICE_smooth": 0.05653734207153316, "ICE_soft": 0.05653734207153315, "ICE_strong": 0.05653734207153316, "CECE": 0.5408055604822343, "MSECE": 0.4997125546137492, "WSECE": 0.44239283243815103, "RBECE": 0.05653734207153316}
{"Stage": 1, "Epoch": 3, "Iteration": 16, "train_acc": 0.71875, "loss_value": 0.37460756301879883, "lr": 0.1}
{"Stage": 1, "Epoch": 3, "Iteration": 20, "train_acc": 0.7272727489471436, "loss_value": 0.41781479120254517, "lr": 0.1}
{"testAcc": 0.29999998211860657}
{"ECE_with_equal_mass": 0.27312454749376347, "ICE_smooth": 0.2519452691078186, "ICE_soft": 0.2519452691078186, "ICE_strong": 0.2519452691078186, "CECE": 0.5050039138094733, "MSECE": 0.49958160718282063, "WSECE": 0.5204003858566284, "RBECE": 0.2519452691078186}
{"Stage": 1, "Epoch": 4, "Iteration": 24, "train_acc": 0.71875, "loss_value": 0.503810465335846, "lr": 0.1}
{"testAcc": 0.29999998211860657}
{"ECE_with_equal_mass": 0.2775510925513047, "ICE_smooth": 0.218840491771698, "ICE_soft": 0.218840491771698, "ICE_strong": 0.218840491771698, "CECE": 0.5002812421784905, "MSECE": 0.49956237475077303, "WSECE": 0.5071425501505533, "RBECE": 0.218840491771698}
{"Stage": 1, "Epoch": 5, "Iteration": 28, "train_acc": 0.6875, "loss_value": 0.33819103240966797, "lr": 0.1}
{"testAcc": 0.699999988079071}
{"ECE_with_equal_mass": 0.1625577850219531, "ICE_smooth": 0.09057222604751591, "ICE_soft": 0.09057222604751591, "ICE_strong": 0.09057222604751591, "CECE": 0.6683175688483923, "MSECE": 0.499598079919815, "WSECE": 0.38346578796704606, "RBECE": 0.09057222604751591}
{"Stage": 1, "Epoch": 6, "Iteration": 32, "train_acc": 0.78125, "loss_value": 0.5449121594429016, "lr": 0.1}
{"testAcc": 0.699999988079071}
{"ECE_with_equal_mass": 0.16182116881394998, "ICE_smooth": 0.07947509288787846, "ICE_soft": 0.07947509288787846, "ICE_strong": 0.07947509288787846, "CECE": 0.6555596490645086, "MSECE": 0.49952346086502075, "WSECE": 0.38784983873367307, "RBECE": 0.07947509288787846}
{"Stage": 1, "Epoch": 7, "Iteration": 36, "train_acc": 0.7109375, "loss_value": 0.44830891489982605, "lr": 0.1}
{"Stage": 1, "Epoch": 7, "Iteration": 40, "train_acc": 0.5795454382896423, "loss_value": 0.4150986671447754, "lr": 0.1}
{"testAcc": 0.699999988079071}
{"ECE_with_equal_mass": 0.17305230513597142, "ICE_smooth": 0.05574078559875483, "ICE_soft": 0.055740785598754845, "ICE_strong": 0.05574078559875484, "CECE": 0.5409659244621485, "MSECE": 0.49947507778803507, "WSECE": 0.441892241636912, "RBECE": 0.05574078559875484}
{"Stage": 1, "Epoch": 8, "Iteration": 44, "train_acc": 0.71875, "loss_value": 0.36794012784957886, "lr": 0.1}
{"testAcc": 0.699999988079071}
{"ECE_with_equal_mass": 0.20608338576096757, "ICE_smooth": 0.12107045650482175, "ICE_soft": 0.12107045650482175, "ICE_strong": 0.12107045650482172, "CECE": 0.511883560511618, "MSECE": 0.49949838916460676, "WSECE": 0.46803698897361756, "RBECE": 0.12107045650482173}
{"Stage": 1, "Epoch": 9, "Iteration": 48, "train_acc": 0.6640625, "loss_value": 0.47577500343322754, "lr": 0.1}
{"testAcc": 0.699999988079071}
{"ECE_with_equal_mass": 0.18103326192268962, "ICE_smooth": 0.10549087524414058, "ICE_soft": 0.10549087524414058, "ICE_strong": 0.10549087524414058, "CECE": 0.5172226897059268, "MSECE": 0.49945446650187186, "WSECE": 0.4617728137969971, "RBECE": 0.10549087524414058}
{"Stage": 1, "Epoch": 10, "Iteration": 52, "train_acc": 0.671875, "loss_value": 0.35149693489074707, "lr": 0.1}
{"testAcc": 0.699999988079071}
{"ECE_with_equal_mass": 0.15244785455557022, "ICE_smooth": 0.007093858718872026, "ICE_soft": 0.007093858718872025, "ICE_strong": 0.007093858718872026, "CECE": 0.5735523228588435, "MSECE": 0.49934165875116987, "WSECE": 0.42234142382939655, "RBECE": 0.007093858718872026}
{"Stage": 1, "Epoch": 11, "Iteration": 56, "train_acc": 0.671875, "loss_value": 0.36532461643218994, "lr": 0.1}
{"Stage": 1, "Epoch": 11, "Iteration": 60, "train_acc": 0.7386363744735718, "loss_value": 0.3672139346599579, "lr": 0.1}
{"testAcc": 0.699999988079071}
{"ECE_with_equal_mass": 0.17305003465750277, "ICE_smooth": 0.1166282176971436, "ICE_soft": 0.11662821769714359, "ICE_strong": 0.11662821769714361, "CECE": 0.6995475055935376, "MSECE": 0.49934298197428395, "WSECE": 0.37287039279937745, "RBECE": 0.1166282176971436}
{"Stage": 1, "Epoch": 12, "Iteration": 64, "train_acc": 0.703125, "loss_value": 0.5167553424835205, "lr": 0.1}
{"testAcc": 0.29999998211860657}
{"ECE_with_equal_mass": 0.2552598112668747, "ICE_smooth": 0.23737807273864744, "ICE_soft": 0.23737807273864747, "ICE_strong": 0.23737807273864747, "CECE": 0.5024312356344991, "MSECE": 0.499620646238327, "WSECE": 0.514609860976537, "RBECE": 0.23737807273864747}
{"Stage": 1, "Epoch": 13, "Iteration": 68, "train_acc": 0.3203125, "loss_value": 0.7258531451225281, "lr": 0.1}
{"testAcc": 0.699999988079071}
{"ECE_with_equal_mass": 0.17633133912697818, "ICE_smooth": 0.13851104974746709, "ICE_soft": 0.13851104974746709, "ICE_strong": 0.13851104974746709, "CECE": 0.7282060339357177, "MSECE": 0.4994053959846496, "WSECE": 0.3641934005419413, "RBECE": 0.13851104974746709}
{"Stage": 1, "Epoch": 14, "Iteration": 72, "train_acc": 0.7109375, "loss_value": 0.7441317439079285, "lr": 0.1}
{"testAcc": 0.699999988079071}
{"ECE_with_equal_mass": 0.12521496277589067, "ICE_smooth": 0.07269174935240086, "ICE_soft": 0.07347115817291439, "ICE_strong": 0.07381941462477623, "CECE": 0.6083053150329732, "MSECE": 0.499438734849294, "WSECE": 0.40616735696792605, "RBECE": 0.07298254113801576}
{"Stage": 1, "Epoch": 15, "Iteration": 76, "train_acc": 0.671875, "loss_value": 0.4337713122367859, "lr": 0.1}
{"Stage": 1, "Epoch": 15, "Iteration": 80, "train_acc": 0.2613636255264282, "loss_value": 0.6927253007888794, "lr": 0.1}
{"testAcc": 0.699999988079071}
{"ECE_with_equal_mass": 0.20532136330237757, "ICE_smooth": 0.1622007012367248, "ICE_soft": 0.1622007012367248, "ICE_strong": 0.1622007012367248, "CECE": 0.5025572834769364, "MSECE": 0.4997253894805908, "WSECE": 0.48467789491017654, "RBECE": 0.1622007012367248}
{"Stage": 1, "Epoch": 16, "Iteration": 84, "train_acc": 0.796875, "loss_value": 0.3019559979438782, "lr": 0.1}
{"testAcc": 0.699999988079071}
{"ECE_with_equal_mass": 0.1209217071533203, "ICE_smooth": 0.10441788684423767, "ICE_soft": 0.0999328711039226, "ICE_strong": 0.0980343146595521, "CECE": 0.6825281199142954, "MSECE": 0.4997069080670674, "WSECE": 0.3788056111335754, "RBECE": 0.10271094088894839}
{"Stage": 1, "Epoch": 17, "Iteration": 88, "train_acc": 0.671875, "loss_value": 0.3873034715652466, "lr": 0.1}
{"testAcc": 0.699999988079071}
{"ECE_with_equal_mass": 0.1780302542906541, "ICE_smooth": 0.17767019271850581, "ICE_soft": 0.17767019271850581, "ICE_strong": 0.17767019271850581, "CECE": 0.5008174643006333, "MSECE": 0.49983325799306233, "WSECE": 0.4909613784154256, "RBECE": 0.17767019271850581}
{"Stage": 1, "Epoch": 18, "Iteration": 92, "train_acc": 0.6953125, "loss_value": 0.501732349395752, "lr": 0.1}
{"testAcc": 0.699999988079071}
{"ECE_with_equal_mass": 0.060357176951873,