{"ECE_with_equal_mass": 0.0016836308384368705, "ICE_smooth": 0.0016839336819044484, "ICE_soft": 0.0016839336819044481, "ICE_strong": 0.0016839336819044481, "CECE": 0.9932145206087906, "MSECE": 0.5000000099341075, "WSECE": 0.005113070439853151, "RBECE": 0.0016839336819044481}
