{"Epoch": 0, "Iteration": 4, "train_acc": 0.671875, "loss_value": 0.5481752157211304, "lr": 0.1}
{"testAcc": 0.699999988079071}
{"ECE_with_equal_mass": 0.09401044387083787, "ICE_smooth": 0.012754964828491255, "ICE_soft": 0.012754964828491255, "ICE_strong": 0.012754964828491255, "CECE": 0.5905028441621594, "MSECE": 0.4999946773052215, "WSECE": 0.4149031015237172, "RBECE": 0.012754964828491255}
{"Epoch": 1, "Iteration": 8, "train_acc": 0.6171875, "loss_value": 0.5914432406425476, "lr": 0.1}
{"testAcc": 0.699999988079071}
{"ECE_with_equal_mass": 0.1175609093445998, "ICE_smooth": 0.04169522523880009, "ICE_soft": 0.04169522523880009, "ICE_strong": 0.04169522523880009, "CECE": 0.6167991374921149, "MSECE": 0.4999896983305613, "WSECE": 0.40332242051760353, "RBECE": 0.04169522523880009}
{"Epoch": 2, "Iteration": 12, "train_acc": 0.71875, "loss_value": 0.5302280783653259, "lr": 0.1}
{"testAcc": 0.699999988079071}
{"ECE_with_equal_mass": 0.08768544441614395, "ICE_smooth": 0.003200757503509566, "ICE_soft": 0.003200757503509566, "ICE_strong": 0.003200757503509566, "CECE": 0.5824987592251992, "MSECE": 0.4999464690685272, "WSECE": 0.4186846935749054, "RBECE": 0.003200757503509566}
{"Epoch": 3, "Iteration": 16, "train_acc": 0.75, "loss_value": 0.5103411674499512, "lr": 0.1}
{"Epoch": 3, "Iteration": 20, "train_acc": 0.6931818127632141, "loss_value": 0.5381819009780884, "lr": 0.1}
{"testAcc": 0.699999988079071}
{"ECE_with_equal_mass": 0.12360266752732106, "ICE_smooth": 0.06322855949401851, "ICE_soft": 0.06322855949401851, "ICE_strong": 0.06322855949401851, "CECE": 0.5372690036142405, "MSECE": 0.4998877962430318, "WSECE": 0.4452084994316101, "RBECE": 0.06322855949401851}
{"Epoch": 4, "Iteration": 24, "train_acc": 0.7578125, "loss_value": 0.508354902267456, "lr": 0.1}
{"testAcc": 0.699999988079071}
{"ECE_with_equal_mass": 0.12514676100168476, "ICE_smooth": 0.03564499616622929, "ICE_soft": 0.03564499616622929, "ICE_strong": 0.03564499616622929, "CECE": 0.6109353896824331, "MSECE": 0.49991428653399145, "WSECE": 0.40567965547243745, "RBECE": 0.03564499616622929}
{"Epoch": 5, "Iteration": 28, "train_acc": 0.7109375, "loss_value": 0.5262596607208252, "lr": 0.1}
{"testAcc": 0.699999988079071}
{"ECE_with_equal_mass": 0.14347774371122698, "ICE_smooth": 0.007339310646057085, "ICE_soft": 0.0073393106460570845, "ICE_strong": 0.0073393106460570845, "CECE": 0.5740579543486939, "MSECE": 0.49986432194709773, "WSECE": 0.4228326404094696, "RBECE": 0.0073393106460570845}
{"Epoch": 6, "Iteration": 32, "train_acc": 0.6953125, "loss_value": 0.5323755741119385, "lr": 0.1}
{"testAcc": 0.699999988079071}
{"ECE_with_equal_mass": 0.14320935347141364, "ICE_smooth": 0.0052148222923278365, "ICE_soft": 0.0052148222923278365, "ICE_strong": 0.0052148222923278365, "CECE": 0.5756736385344173, "MSECE": 0.49983883698781334, "WSECE": 0.4219618272781372, "RBECE": 0.0052148222923278365}
{"Epoch": 7, "Iteration": 36, "train_acc": 0.7578125, "loss_value": 0.5080656409263611, "lr": 0.1}
{"Epoch": 7, "Iteration": 40, "train_acc": 0.6704545617103577, "loss_value": 0.5425194501876831, "lr": 0.1}
{"testAcc": 0.699999988079071}
{"ECE_with_equal_mass": 0.1678353361594371, "ICE_smooth": 0.016407918930053667, "ICE_soft": 0.016407918930053667, "ICE_strong": 0.016407918930053667, "CECE": 0.5671642080073938, "MSECE": 0.4998054087162018, "WSECE": 0.4264119025071463, "RBECE": 0.016407918930053667}
{"Epoch": 8, "Iteration": 44, "train_acc": 0.6484375, "loss_value": 0.5476294755935669, "lr": 0.1}
{"testAcc": 0.699999988079071}
{"ECE_with_equal_mass": 0.15941837995480265, "ICE_smooth": 0.005107033252716108, "ICE_soft": 0.005107033252716109, "ICE_strong": 0.005107033252716109, "CECE": 0.5838719381255291, "MSECE": 0.49979221423467, "WSECE": 0.41779475927352905, "RBECE": 0.005107033252716109}
{"Epoch": 9, "Iteration": 48, "train_acc": 0.671875, "loss_value": 0.5445840358734131, "lr": 0.1}
{"testAcc": 0.699999988079071}
{"ECE_with_equal_mass": 0.1713418988081125, "ICE_smooth": 0.004997181892395063, "ICE_soft": 0.004997181892395064, "ICE_strong": 0.004997181892395064, "CECE": 0.5837502743401337, "MSECE": 0.49976607163747144, "WSECE": 0.41781735102335604, "RBECE": 0.004997181892395064}
{"Epoch": 10, "Iteration": 52, "train_acc": 0.71875, "loss_value": 0.5222975611686707, "lr": 0.1}
{"testAcc": 0.699999988079071}
{"ECE_with_equal_mass": 0.18643190799615322, "ICE_smooth": 0.01950712203979488, "ICE_soft": 0.019507122039794877, "ICE_strong": 0.019507122039794877, "CECE": 0.5648057593978772, "MSECE": 0.4997201720873514, "WSECE": 0.42758188168207795, "RBECE": 0.019507122039794877}
{"Epoch": 11, "Iteration": 56, "train_acc": 0.6640625, "loss_value": 0.5413973331451416, "lr": 0.1}
{"Epoch": 11, "Iteration": 60, "train_acc": 0.7386363744735718, "loss_value": 0.514014720916748, "lr": 0.1}
{"testAcc": 0.699999988079071}
{"ECE_with_equal_mass": 0.17212931437370102, "ICE_smooth": 0.01913087368011479, "ICE_soft": 0.01913087368011479, "ICE_strong": 0.01913087368011479, "CECE": 0.5956850424004935, "MSECE": 0.4997218906879425, "WSECE": 0.4121274729569753, "RBECE": 0.01913087368011479}
{"Epoch": 12, "Iteration": 64, "train_acc": 0.7421875, "loss_value": 0.5091372728347778, "lr": 0.1}
{"testAcc": 0.699999988079071}
{"ECE_with_equal_mass": 0.1937947337444012, "ICE_smooth": 0.0007252573966980425, "ICE_soft": 0.0007252573966980425, "ICE_strong": 0.0007252573966980425, "CECE": 0.5801793887066333, "MSECE": 0.49967895547548935, "WSECE": 0.41945489684740705, "RBECE": 0.0007252573966980425}
{"Epoch": 13, "Iteration": 68, "train_acc": 0.7265625, "loss_value": 0.5248298048973083, "lr": 0.1}
{"testAcc": 0.699999988079071}
{"ECE_with_equal_mass": 0.19455590798304634, "ICE_smooth": 0.007963192462921098, "ICE_soft": 0.007963192462921098, "ICE_strong": 0.007963192462921098, "CECE": 0.5733103269239426, "MSECE": 0.4996413767337799, "WSECE": 0.4228996741771698, "RBECE": 0.007963192462921098}
{"Epoch": 14, "Iteration": 72, "train_acc": 0.6796875, "loss_value": 0.535997748374939, "lr": 0.1}
{"testAcc": 0.699999988079071}
{"ECE_with_equal_mass": 0.20303467420431284, "ICE_smooth": 0.015132772922515914, "ICE_soft": 0.015132772922515914, "ICE_strong": 0.015132772922515914, "CECE": 0.5921056655490505, "MSECE": 0.499633377790451, "WSECE": 0.41365455110867816, "RBECE": 0.015132772922515914}
{"Epoch": 15, "Iteration": 76, "train_acc": 0.6953125, "loss_value": 0.5320364832878113, "lr": 0.1}
{"Epoch": 15, "Iteration": 80, "train_acc": 0.8068181872367859, "loss_value": 0.5104479789733887, "lr": 0.1}
{"testAcc": 0.699999988079071}
{"ECE_with_equal_mass": 0.19447120978282048, "ICE_smooth": 0.008588743209838823, "ICE_soft": 0.008588743209838823, "ICE_strong": 0.008588743209838823, "CECE": 0.572757295833259, "MSECE": 0.4995807806650797, "WSECE": 0.4231006336212158, "RBECE": 0.008588743209838823}
{"Epoch": 16, "Iteration": 84, "train_acc": 0.7265625, "loss_value": 0.5168176889419556, "lr": 0.1}
{"testAcc": 0.699999988079071}
{"ECE_with_equal_mass": 0.21228834360073776, "ICE_smooth": 0.028985905647277876, "ICE_soft": 0.028985905647277876, "ICE_strong": 0.028985905647277876, "CECE": 0.6043567950355729, "MSECE": 0.4995900472005208, "WSECE": 0.40807792822519945, "RBECE": 0.028985905647277876}
{"Epoch": 17, "Iteration": 88, "train_acc": 0.625, "loss_value": 0.5708377361297607, "lr": 0.1}
{"testAcc": 0.699999988079071}
{"ECE_with_equal_mass": 0.20012310743331907, "ICE_smooth": 0.03841753005981441, "ICE_soft": 0.03841753005981441, "ICE_strong": 0.03841753005981441, "CECE": 0.5515936067039802, "MSECE": 0.49948733051617933, "WSECE": 0.4349565009276072, "RBECE": 0.03841753005981441}
{"Epoch": 18, "Iteration": 92, "train_acc": 0.6875, "loss_value": 0.5336501002311707, "lr": 0.1}
{"testAcc": 0.699999988079071}
{"ECE_with_equal_mass": 0.18283285085971535, "ICE_smooth": 0.007367658615112348, "ICE_soft": 0.007367658615112349, "ICE_strong": 0.00736765861511235, "CECE": 0.5853842075935198, "MSECE": 0.4995014866193136, "WSECE": 0.4166536291440328, "RBECE": 0.007367658615112349}
{"Epoch": 19,