{"Stage": 1, "Epoch": 0, "Iteration": 4, "train_acc": 0.71875, "loss_value": 0.6119445562362671, "lr": 0.1}
{"testAcc": 0.699999988079071}
{"ECE_with_equal_mass": 0.15750100459807959, "ICE_smooth": 0.04966764450073246, "ICE_soft": 0.049667644500732466, "ICE_strong": 0.049667644500732466, "CECE": 0.6245020904272913, "MSECE": 0.49988154967625936, "WSECE": 0.4000452764829, "RBECE": 0.049667644500732466}
{"Stage": 1, "Epoch": 1, "Iteration": 8, "train_acc": 0.671875, "loss_value": 0.6347717046737671, "lr": 0.1}
{"testAcc": 0.699999988079071}
{"ECE_with_equal_mass": 0.11335331598917643, "ICE_smooth": 0.0034736871719360796, "ICE_soft": 0.00347368717193608, "ICE_strong": 0.0034736871719360796, "CECE": 0.5825711574663597, "MSECE": 0.49982541004816694, "WSECE": 0.4184783244132996, "RBECE": 0.0034736871719360796}
{"Stage": 1, "Epoch": 2, "Iteration": 12, "train_acc": 0.734375, "loss_value": 0.585474967956543, "lr": 0.1}
{"testAcc": 0.699999988079071}
{"ECE_with_equal_mass": 0.1629326493312151, "ICE_smooth": 0.1090139269828796, "ICE_soft": 0.1090139269828796, "ICE_strong": 0.1090139269828796, "CECE": 0.5162312538459329, "MSECE": 0.4997230688730875, "WSECE": 0.46339231967926026, "RBECE": 0.1090139269828796}
{"Stage": 1, "Epoch": 3, "Iteration": 16, "train_acc": 0.703125, "loss_value": 0.6350641250610352, "lr": 0.1}
{"Stage": 1, "Epoch": 3, "Iteration": 20, "train_acc": 0.6931818127632141, "loss_value": 0.6435583829879761, "lr": 0.1}
{"testAcc": 0.699999988079071}
{"ECE_with_equal_mass": 0.1579550862312317, "ICE_smooth": 0.11898999214172368, "ICE_soft": 0.11898999214172368, "ICE_strong": 0.11898999214172368, "CECE": 0.7033282683891259, "MSECE": 0.499866783618927, "WSECE": 0.3723027523358663, "RBECE": 0.11898999214172368}
{"Stage": 1, "Epoch": 4, "Iteration": 24, "train_acc": 0.671875, "loss_value": 0.6375970840454102, "lr": 0.1}
{"testAcc": 0.699999988079071}
{"ECE_with_equal_mass": 0.18624908587871455, "ICE_smooth": 0.07809079885482784, "ICE_soft": 0.07809079885482784, "ICE_strong": 0.07809079885482784, "CECE": 0.5293353038831082, "MSECE": 0.49967879255612685, "WSECE": 0.4509859104951222, "RBECE": 0.07809079885482784}
{"Stage": 1, "Epoch": 5, "Iteration": 28, "train_acc": 0.7578125, "loss_value": 0.5537735223770142, "lr": 0.1}
{"testAcc": 0.699999988079071}
{"ECE_with_equal_mass": 0.17570508290559822, "ICE_smooth": 0.01756207942962651, "ICE_soft": 0.01756207942962651, "ICE_strong": 0.01756207942962651, "CECE": 0.5943014423275523, "MSECE": 0.49971687197685244, "WSECE": 0.41275434613227846, "RBECE": 0.01756207942962651}
{"Stage": 1, "Epoch": 6, "Iteration": 32, "train_acc": 0.7421875, "loss_value": 0.6059631109237671, "lr": 0.1}
{"testAcc": 0.699999988079071}
{"ECE_with_equal_mass": 0.17158947510597036, "ICE_smooth": 0.027227449417114306, "ICE_soft": 0.027227449417114302, "ICE_strong": 0.027227449417114302, "CECE": 0.6028713305835088, "MSECE": 0.49969436724980676, "WSECE": 0.408869747320811, "RBECE": 0.027227449417114302}
{"Stage": 1, "Epoch": 7, "Iteration": 36, "train_acc": 0.6796875, "loss_value": 0.6320012807846069, "lr": 0.1}
{"Stage": 1, "Epoch": 7, "Iteration": 40, "train_acc": 0.625, "loss_value": 0.6853989362716675, "lr": 0.1}
{"testAcc": 0.699999988079071}
{"ECE_with_equal_mass": 0.1736095251181187, "ICE_smooth": 0.058292937278747514, "ICE_soft": 0.05829293727874752, "ICE_strong": 0.05829293727874751, "CECE": 0.5396625133448888, "MSECE": 0.4995906134446462, "WSECE": 0.4429944368203481, "RBECE": 0.058292937278747514}
{"Stage": 1, "Epoch": 8, "Iteration": 44, "train_acc": 0.734375, "loss_value": 0.5935007929801941, "lr": 0.1}
{"testAcc": 0.699999988079071}
{"ECE_with_equal_mass": 0.17042448214995556, "ICE_smooth": 0.07688097953796391, "ICE_soft": 0.07688097953796391, "ICE_strong": 0.07688097953796391, "CECE": 0.6529146816298592, "MSECE": 0.49967944622039806, "WSECE": 0.388995393117269, "RBECE": 0.07688097953796391}
{"Stage": 1, "Epoch": 9, "Iteration": 48, "train_acc": 0.6875, "loss_value": 0.6387041807174683, "lr": 0.1}
{"testAcc": 0.699999988079071}
{"ECE_with_equal_mass": 0.182961368560791, "ICE_smooth": 0.09363026618957516, "ICE_soft": 0.09363026618957515, "ICE_strong": 0.09363026618957515, "CECE": 0.5220320983319071, "MSECE": 0.4994923849900563, "WSECE": 0.4570501132806142, "RBECE": 0.09363026618957515}
{"Stage": 1, "Epoch": 10, "Iteration": 52, "train_acc": 0.7109375, "loss_value": 0.626890242099762, "lr": 0.1}
{"testAcc": 0.699999988079071}
{"ECE_with_equal_mass": 0.189759052105439, "ICE_smooth": 0.07584397792816167, "ICE_soft": 0.07584397792816167, "ICE_strong": 0.07584397792816167, "CECE": 0.6516850492918546, "MSECE": 0.49961089889208476, "WSECE": 0.389354540904363, "RBECE": 0.07584397792816167}
{"Stage": 1, "Epoch": 11, "Iteration": 56, "train_acc": 0.7265625, "loss_value": 0.5921931862831116, "lr": 0.1}
{"Stage": 1, "Epoch": 11, "Iteration": 60, "train_acc": 0.6477272510528564, "loss_value": 0.6483365297317505, "lr": 0.1}
{"testAcc": 0.699999988079071}
{"ECE_with_equal_mass": 0.2108609370696239, "ICE_smooth": 0.10960305929183956, "ICE_soft": 0.10960305929183956, "ICE_strong": 0.10960305929183956, "CECE": 0.5156486230464232, "MSECE": 0.4993974129358927, "WSECE": 0.463362291653951, "RBECE": 0.10960305929183956}
{"Stage": 1, "Epoch": 12, "Iteration": 64, "train_acc": 0.71875, "loss_value": 0.593813419342041, "lr": 0.1}
{"testAcc": 0.699999988079071}
{"ECE_with_equal_mass": 0.22128512186881827, "ICE_smooth": 0.10362546443939213, "ICE_soft": 0.10362546443939213, "ICE_strong": 0.10362546443939213, "CECE": 0.6838543966657785, "MSECE": 0.49958448211352025, "WSECE": 0.3782199800014495, "RBECE": 0.10362546443939213}
{"Stage": 1, "Epoch": 13, "Iteration": 68, "train_acc": 0.734375, "loss_value": 0.5817908644676208, "lr": 0.1}
{"testAcc": 0.699999988079071}
{"ECE_with_equal_mass": 0.1912807427919828, "ICE_smooth": 0.061407935619354204, "ICE_soft": 0.061407935619354204, "ICE_strong": 0.061407935619354204, "CECE": 0.5376272791725039, "MSECE": 0.4993457078933715, "WSECE": 0.4440418370564778, "RBECE": 0.061407935619354204}
{"Stage": 1, "Epoch": 14, "Iteration": 72, "train_acc": 0.703125, "loss_value": 0.6081668138504028, "lr": 0.1}
{"testAcc": 0.699999988079071}
{"ECE_with_equal_mass": 0.19465981416213207, "ICE_smooth": 0.0003023028373718706, "ICE_soft": 0.0003023028373718706, "ICE_strong": 0.0003023028373718706, "CECE": 0.5794436522228104, "MSECE": 0.49935902555783596, "WSECE": 0.4193680449326834, "RBECE": 0.0003023028373718706}
{"Stage": 1, "Epoch": 15, "Iteration": 76, "train_acc": 0.6640625, "loss_value": 0.6406935453414917, "lr": 0.1}
{"Stage": 1, "Epoch": 15, "Iteration": 80, "train_acc": 0.6704545617103577, "loss_value": 0.6380888223648071, "lr": 0.1}
{"testAcc": 0.699999988079071}
{"ECE_with_equal_mass": 0.19715658884782059, "ICE_smooth": 0.027619946002960253, "ICE_soft": 0.02761994600296025, "ICE_strong": 0.02761994600296025, "CECE": 0.6028066680282343, "MSECE": 0.49934964776039126, "WSECE": 0.40843322316805525, "RBECE": 0.02761994600296025}
{"Stage": 1, "Epoch": 16, "Iteration": 84, "train_acc": 0.671875, "loss_value": 0.6349689960479736, "lr": 0.1}
{"testAcc": 0.699999988079071}
{"ECE_with_equal_mass": 0.16933913200329512, "ICE_smooth": 0.026752603054046586, "ICE_soft": 0.026752603054046586, "ICE_strong": 0.026752603054046586, "CECE": 0.5590902479891787, "MSECE": 0.4992351531982423, "WSECE": 0.43008977890014655, "RBECE": 0.026752603054046586}
{"Stage": 1, "Epoch": 17, "Iteration": 88, "train_acc": 0.71875, "loss_value": 0.6088147163391113, "lr": 0.1}
{"testAcc": 0.699999988079071}
{"ECE_with_equal_mass": 0.17876640099745528, "ICE_smooth": 0.07011948823928837, "ICE_soft": 0.07011948823928837, "ICE_strong": 0.07011948823928837, "CECE": 0.6450950012611031, "MSECE": 0.4993334670861562, "WSECE": 0.39141971468925474, "RBECE": 0.07011948823928837}
{"Stage": 1, "Epoch": 18, "Iteration": 92, "train_acc": 0.6640625, "loss_value": 0.678403377532959, "lr": 0.1}
{"testAcc": 0.699999988079071}
{"ECE_with_equal_mass": 0.1898218197700305,