{"ECE_with_equal_mass": 0.00277418112827718, "ICE_smooth": 0.46710643142596564, "ICE_soft": 0.00019797104974467913, "ICE_strong": 6.136801377256764e-05, "CECE": 0.9827405801599292, "MSECE": 0.4958149885813929, "WSECE": 0.006155483363116764, "RBECE": 0.002774054516345272}
