{"ECE_with_equal_mass": 0.0003055407909966205, "ICE_smooth": 1.755365888811422e-05, "ICE_soft": 1.755365888811422e-05, "ICE_strong": 1.755365888811422e-05, "CECE": 0.996530012459273, "MSECE": 0.4999999893377173, "WSECE": 0.0034524686571295936, "RBECE": 1.755365888811422e-05}
