{"ECE_with_equal_mass": 0.1193484875339714, "ICE_smooth": 0.14486803177924418, "ICE_soft": 0.11214381361015895, "ICE_strong": 0.1012749301236095, "CECE": 0.24815905988209216, "MSECE": 0.24774382301208014, "WSECE": 0.24368678232443913, "RBECE": 0.014624503622830194}
