{"ECE_with_equal_mass": 0.22800972189427782, "ICE_smooth": 0.14605802290593817, "ICE_soft": 0.14605802290593817, "ICE_strong": 0.14605802290593817, "CECE": 0.5052096428500998, "MSECE": 0.4994419953621252, "WSECE": 0.4779734868161106, "RBECE": 0.14605802290593817}
