{"ECE_with_equal_mass": 0.20547438982205513, "ICE_smooth": 0.10764621922862731, "ICE_soft": 0.09409815214662767, "ICE_strong": 0.08834183408378307, "CECE": 0.5166957428708326, "MSECE": 0.4979825933774312, "WSECE": 0.45936897357304884, "RBECE": 0.10249697768070176}
