{"Stage": 1, "Epoch": 0, "Iteration": 4, "train_acc": 0.71875, "loss_value": 0.5965893268585205, "lr": 0.1}
{"testAcc": 0.699999988079071}
{"ECE_with_equal_mass": 0.13300853203504512, "ICE_smooth": 0.008746874332427934, "ICE_soft": 0.008746874332427934, "ICE_strong": 0.008746874332427934, "CECE": 0.5728463756699118, "MSECE": 0.4997646808624267, "WSECE": 0.423320034344991, "RBECE": 0.008746874332427934}
{"Stage": 1, "Epoch": 1, "Iteration": 8, "train_acc": 0.671875, "loss_value": 0.630407452583313, "lr": 0.1}
{"testAcc": 0.699999988079071}
{"ECE_with_equal_mass": 0.15701429293705865, "ICE_smooth": 0.04552798271179204, "ICE_soft": 0.04552798271179204, "ICE_strong": 0.04552798271179204, "CECE": 0.6202706633883753, "MSECE": 0.49977602362632756, "WSECE": 0.40161669850349424, "RBECE": 0.04552798271179204}
{"Stage": 1, "Epoch": 2, "Iteration": 12, "train_acc": 0.6796875, "loss_value": 0.6510018706321716, "lr": 0.1}
{"testAcc": 0.699999988079071}
{"ECE_with_equal_mass": 0.18642036425761688, "ICE_smooth": 0.10761440992355342, "ICE_soft": 0.10761440992355342, "ICE_strong": 0.10761440992355342, "CECE": 0.5165985466285296, "MSECE": 0.4995985686779022, "WSECE": 0.4627352217833201, "RBECE": 0.10761440992355342}
{"Stage": 1, "Epoch": 3, "Iteration": 16, "train_acc": 0.71875, "loss_value": 0.6238136887550354, "lr": 0.1}
{"Stage": 1, "Epoch": 3, "Iteration": 20, "train_acc": 0.7272727489471436, "loss_value": 0.581321120262146, "lr": 0.1}
{"testAcc": 0.699999988079071}
{"ECE_with_equal_mass": 0.16873218707549267, "ICE_smooth": 0.06860135793685918, "ICE_soft": 0.06860135793685918, "ICE_strong": 0.06860135793685918, "CECE": 0.6439248456142743, "MSECE": 0.49971475799878445, "WSECE": 0.39233587066332504, "RBECE": 0.06860135793685918}
{"Stage": 1, "Epoch": 4, "Iteration": 24, "train_acc": 0.71875, "loss_value": 0.604390025138855, "lr": 0.1}
{"testAcc": 0.699999988079071}
{"ECE_with_equal_mass": 0.1507966857690078, "ICE_smooth": 0.055351424217224166, "ICE_soft": 0.055351424217224166, "ICE_strong": 0.055351424217224166, "CECE": 0.6299587333944834, "MSECE": 0.4996485471725465, "WSECE": 0.3975824546813966, "RBECE": 0.055351424217224166}
{"Stage": 1, "Epoch": 5, "Iteration": 28, "train_acc": 0.6875, "loss_value": 0.6368656754493713, "lr": 0.1}
{"testAcc": 0.699999988079071}
{"ECE_with_equal_mass": 0.19441193403341836, "ICE_smooth": 0.10248402197831404, "ICE_soft": 0.10257275948569913, "ICE_strong": 0.10258961186051777, "CECE": 0.5207103335021059, "MSECE": 0.4994101425011953, "WSECE": 0.45815477887789413, "RBECE": 0.09954000885825819}
{"Stage": 1, "Epoch": 6, "Iteration": 32, "train_acc": 0.78125, "loss_value": 0.5873547792434692, "lr": 0.1}
{"testAcc": 0.699999988079071}
{"ECE_with_equal_mass": 0.1862213495450142, "ICE_smooth": 0.025810825824737593, "ICE_soft": 0.025810825824737593, "ICE_strong": 0.025810825824737593, "CECE": 0.6013335661076016, "MSECE": 0.49948680798212686, "WSECE": 0.4092683068911235, "RBECE": 0.025810825824737593}
{"Stage": 1, "Epoch": 7, "Iteration": 36, "train_acc": 0.7109375, "loss_value": 0.5944528579711914, "lr": 0.1}
{"Stage": 1, "Epoch": 7, "Iteration": 40, "train_acc": 0.5795454382896423, "loss_value": 0.7417886257171631, "lr": 0.1}
{"testAcc": 0.699999988079071}
{"ECE_with_equal_mass": 0.20650741412089418, "ICE_smooth": 0.023386943340301558, "ICE_soft": 0.023386943340301558, "ICE_strong": 0.023386943340301558, "CECE": 0.5990762416673465, "MSECE": 0.499421219031016, "WSECE": 0.41018460512161253, "RBECE": 0.023386943340301558}
{"Stage": 1, "Epoch": 8, "Iteration": 44, "train_acc": 0.71875, "loss_value": 0.5990059971809387, "lr": 0.1}
{"testAcc": 0.699999988079071}
{"ECE_with_equal_mass": 0.20861755364980453, "ICE_smooth": 0.05528246164321904, "ICE_soft": 0.05528246164321904, "ICE_strong": 0.05528246164321904, "CECE": 0.6296018350562526, "MSECE": 0.4994133750597636, "WSECE": 0.3974189766248067, "RBECE": 0.05528246164321904}
{"Stage": 1, "Epoch": 9, "Iteration": 48, "train_acc": 0.6640625, "loss_value": 0.6897324323654175, "lr": 0.1}
{"testAcc": 0.699999988079071}
{"ECE_with_equal_mass": 0.21734077961016923, "ICE_smooth": 0.14130921363830562, "ICE_soft": 0.14130921363830562, "ICE_strong": 0.14130921363830562, "CECE": 0.5058501816006247, "MSECE": 0.49905903538068136, "WSECE": 0.47577235976854965, "RBECE": 0.14130921363830562}
{"Stage": 1, "Epoch": 10, "Iteration": 52, "train_acc": 0.671875, "loss_value": 0.6321089267730713, "lr": 0.1}
{"testAcc": 0.699999988079071}
{"ECE_with_equal_mass": 0.17494548498055876, "ICE_smooth": 0.14722753577386843, "ICE_soft": 0.14155101982577797, "ICE_strong": 0.13909164356764273, "CECE": 0.6084222359750727, "MSECE": 0.49922877152760825, "WSECE": 0.4058371067047119, "RBECE": 0.14508547812700268}
{"Stage": 1, "Epoch": 11, "Iteration": 56, "train_acc": 0.671875, "loss_value": 0.6340343952178955, "lr": 0.1}
{"Stage": 1, "Epoch": 11, "Iteration": 60, "train_acc": 0.7386363744735718, "loss_value": 0.5707212686538696, "lr": 0.1}
{"testAcc": 0.699999988079071}
{"ECE_with_equal_mass": 0.18561735489429573, "ICE_smooth": 0.0907008528709412, "ICE_soft": 0.0907008528709412, "ICE_strong": 0.0907008528709412, "CECE": 0.6681385504068404, "MSECE": 0.4992925345897674, "WSECE": 0.3831522365411122, "RBECE": 0.0907008528709412}
{"Stage": 1, "Epoch": 12, "Iteration": 64, "train_acc": 0.703125, "loss_value": 0.6138636469841003, "lr": 0.1}
{"testAcc": 0.699999988079071}
{"ECE_with_equal_mass": 0.20427431999108728, "ICE_smooth": 0.11580635309219356, "ICE_soft": 0.11580635309219355, "ICE_strong": 0.11580635309219355, "CECE": 0.5128144944165005, "MSECE": 0.49880251089731853, "WSECE": 0.4653619066874185, "RBECE": 0.11580635309219356}
{"Stage": 1, "Epoch": 13, "Iteration": 68, "train_acc": 0.6796875, "loss_value": 0.6496101021766663, "lr": 0.1}
{"testAcc": 0.699999988079071}
{"ECE_with_equal_mass": 0.20254907944263553, "ICE_smooth": 0.14131830930709843, "ICE_soft": 0.14131830930709843, "ICE_strong": 0.14131830930709843, "CECE": 0.7321762083294173, "MSECE": 0.49931817849477134, "WSECE": 0.36292448520660403, "RBECE": 0.14131830930709843}
{"Stage": 1, "Epoch": 14, "Iteration": 72, "train_acc": 0.7109375, "loss_value": 0.6620955467224121, "lr": 0.1}
{"testAcc": 0.6949999928474426}
{"ECE_with_equal_mass": 0.23273698916802044, "ICE_smooth": 0.18715948581695552, "ICE_soft": 0.18715948581695552, "ICE_strong": 0.18715948581695552, "CECE": 0.48287842584694196, "MSECE": 0.4827988262529726, "WSECE": 0.48031912980256253, "RBECE": 0.18715948581695552}
{"Stage": 1, "Epoch": 15, "Iteration": 76, "train_acc": 0.671875, "loss_value": 0.683508574962616, "lr": 0.1}
{"Stage": 1, "Epoch": 15, "Iteration": 80, "train_acc": 0.7386363744735718, "loss_value": 0.5908820033073425, "lr": 0.1}
{"testAcc": 0.699999988079071}
{"ECE_with_equal_mass": 0.23577010020231587, "ICE_smooth": 0.17862550810107683, "ICE_soft": 0.15909758977820138, "ICE_strong": 0.15459987397725883, "CECE": 0.7721889079868081, "MSECE": 0.4993053376674652, "WSECE": 0.3516559024651846, "RBECE": 0.13681829736389206}
{"Stage": 1, "Epoch": 16, "Iteration": 84, "train_acc": 0.796875, "loss_value": 0.5746273994445801, "lr": 0.1}
{"testAcc": 0.699999988079071}
{"ECE_with_equal_mass": 0.19637626287264703, "ICE_smooth": 0.13251234292984004, "ICE_soft": 0.13251234292984004, "ICE_strong": 0.13251234292984004, "CECE": 0.5072755331848384, "MSECE": 0.4983514467875162, "WSECE": 0.47167612075805665, "RBECE": 0.13251234292984004}
{"Stage": 1, "Epoch": 17, "Iteration": 88, "train_acc": 0.671875, "loss_value": 0.6482366323471069, "lr": 0.1}
{"testAcc": 0.699999988079071}
{"ECE_with_equal_mass": 0.17631202905606003, "ICE_smooth": 0.05680977106094365, "ICE_soft": 0.056809771060943655, "ICE_strong": 0.05680977106094365, "CECE": 0.6302576344019258, "MSECE": 0.49866647124290464, "WSECE": 0.39620078841845185, "RBECE": 0.05680977106094365}
{"Stage": 1, "Epoch": 18, "Iteration": 92, "train_acc": 0.6953125, "loss_value": 0.6092880964279175, "lr": 0.1}
{"testAcc": 0.699999988079071}
{"ECE_with_equal_mass": 0.17417856424282757,