{"ECE_with_equal_mass": 0.0007214326737542557, "ICE_smooth": 0.0006922316021314989, "ICE_soft": 0.0006922316021314989, "ICE_strong": 0.0006922316021314989, "CECE": 0.9951866846466313, "MSECE": 0.5000000834465028, "WSECE": 0.00412470571178009, "RBECE": 0.0006922316021314989}
