{"Epoch": 0, "Iteration": 4, "train_acc": 0.6796875, "loss_value": 25.78711700439453, "lr": 0.1}
{"Epoch": 0, "Iteration": 4, "train_acc": 0.6796875, "loss_value": 25.78711700439453, "lr": 0.1}
{"testAcc": 0.699999988079071}
{"ECE_with_equal_mass": 0.44947722836946835, "ICE_smooth": 0.4519753575325012, "ICE_soft": 0.4519753575325012, "ICE_strong": 0.4519753575325012, "CECE": 0.5001918116587755, "MSECE": 0.5001469294230143, "WSECE": 0.49825176874796545, "RBECE": 0.4519753575325012}
{"Epoch": 1, "Iteration": 8, "train_acc": 0.6875, "loss_value": 24.99718475341797, "lr": 0.1}
{"testAcc": 0.699999988079071}
{"ECE_with_equal_mass": 0.514704068348958, "ICE_smooth": 0.5172355443239212, "ICE_soft": 0.5172355443239212, "ICE_strong": 0.5172355443239212, "CECE": 0.5000452711212722, "MSECE": 0.4998880624771118, "WSECE": 0.4963420963287353, "RBECE": 0.5172355443239212}
{"Epoch": 2, "Iteration": 12, "train_acc": 0.78125, "loss_value": 23.417030334472656, "lr": 0.1}
{"testAcc": 0.699999988079071}
{"ECE_with_equal_mass": 0.5285711902838486, "ICE_smooth": 0.5311220109462738, "ICE_soft": 0.5311220109462738, "ICE_strong": 0.5311220109462738, "CECE": 0.5001436127135239, "MSECE": 0.49995266795158394, "WSECE": 0.49604445417722076, "RBECE": 0.5311220109462738}
{"Epoch": 3, "Iteration": 16, "train_acc": 0.625, "loss_value": 25.422462463378906, "lr": 0.1}
{"Epoch": 3, "Iteration": 20, "train_acc": 0.7727272510528564, "loss_value": 23.395580291748047, "lr": 0.1}
{"testAcc": 0.699999988079071}
{"ECE_with_equal_mass": 0.5341359845338723, "ICE_smooth": 0.5315595984458923, "ICE_soft": 0.5315595984458923, "ICE_strong": 0.5315595984458923, "CECE": 0.5003687929315284, "MSECE": 0.5001724938551585, "WSECE": 0.4962089924017588, "RBECE": 0.5315595984458923}
{"Epoch": 4, "Iteration": 24, "train_acc": 0.640625, "loss_value": 25.20703887939453, "lr": 0.1}
{"testAcc": 0.699999988079071}
{"ECE_with_equal_mass": 0.5333450467922749, "ICE_smooth": 0.5307666778564453, "ICE_soft": 0.5307666778564453, "ICE_strong": 0.5307666778564453, "CECE": 0.5001472606554295, "MSECE": 0.4999555706977844, "WSECE": 0.4960397267341613, "RBECE": 0.5307666778564453}
{"Epoch": 5, "Iteration": 28, "train_acc": 0.7421875, "loss_value": 23.823543548583984, "lr": 0.1}
{"testAcc": 0.699999988079071}
{"ECE_with_equal_mass": 0.5331319025693796, "ICE_smooth": 0.5305519074201583, "ICE_soft": 0.5305519074201583, "ICE_strong": 0.5305519074201583, "CECE": 0.5002942112215435, "MSECE": 0.5001007755597433, "WSECE": 0.496166570186615, "RBECE": 0.5305519074201583}
{"Epoch": 6, "Iteration": 32, "train_acc": 0.6875, "loss_value": 24.569705963134766, "lr": 0.1}
{"testAcc": 0.699999988079071}
{"ECE_with_equal_mass": 0.5334038636623285, "ICE_smooth": 0.5308228850364685, "ICE_soft": 0.5308228850364685, "ICE_strong": 0.5308228850364685, "CECE": 0.5002214751184327, "MSECE": 0.500028504927953, "WSECE": 0.4960993198553721, "RBECE": 0.5308228850364685}
{"Epoch": 7, "Iteration": 36, "train_acc": 0.6796875, "loss_value": 24.67401695251465, "lr": 0.1}
{"Epoch": 7, "Iteration": 40, "train_acc": 0.6590909361839294, "loss_value": 24.953325271606445, "lr": 0.1}
{"testAcc": 0.699999988079071}
{"ECE_with_equal_mass": 0.5338222266771855, "ICE_smooth": 0.5312403261661529, "ICE_soft": 0.5312403261661529, "ICE_strong": 0.5312403261661529, "CECE": 0.5000744736347335, "MSECE": 0.4998827556769052, "WSECE": 0.4959669109185536, "RBECE": 0.5312403261661529}
{"Epoch": 8, "Iteration": 44, "train_acc": 0.7421875, "loss_value": 23.813478469848633, "lr": 0.1}
{"testAcc": 0.699999988079071}
{"ECE_with_equal_mass": 0.5341702105143132, "ICE_smooth": 0.5315877169370651, "ICE_soft": 0.5315877169370651, "ICE_strong": 0.5315877169370651, "CECE": 0.4998531316501292, "MSECE": 0.4996639013290405, "WSECE": 0.4957743962605794, "RBECE": 0.5315877169370651}
{"Epoch": 9, "Iteration": 48, "train_acc": 0.671875, "loss_value": 24.773977279663086, "lr": 0.1}
{"testAcc": 0.699999988079071}
{"ECE_with_equal_mass": 0.5344005149144393, "ICE_smooth": 0.5318179249763488, "ICE_soft": 0.5318179249763488, "ICE_strong": 0.5318179249763488, "CECE": 0.5002224071024447, "MSECE": 0.5000273644924162, "WSECE": 0.49607714136441544, "RBECE": 0.5318179249763488}
{"Epoch": 10, "Iteration": 52, "train_acc": 0.6875, "loss_value": 24.559123992919922, "lr": 0.1}
{"testAcc": 0.699999988079071}
{"ECE_with_equal_mass": 0.5345231157082778, "ICE_smooth": 0.5319408744573593, "ICE_soft": 0.5319408744573593, "ICE_strong": 0.5319408744573593, "CECE": 0.5001483397690826, "MSECE": 0.4999541302522023, "WSECE": 0.4960126411914825, "RBECE": 0.5319408744573593}
{"Epoch": 11, "Iteration": 56, "train_acc": 0.75, "loss_value": 23.701948165893555, "lr": 0.1}
{"Epoch": 11, "Iteration": 60, "train_acc": 0.6477272510528564, "loss_value": 25.102359771728516, "lr": 0.1}
{"testAcc": 0.699999988079071}
{"ECE_with_equal_mass": 0.5345807196238103, "ICE_smooth": 0.53199904859066, "ICE_soft": 0.53199904859066, "ICE_strong": 0.53199904859066, "CECE": 0.500148496633122, "MSECE": 0.49995418985684714, "WSECE": 0.49601171374320985, "RBECE": 0.53199904859066}
{"Epoch": 12, "Iteration": 64, "train_acc": 0.671875, "loss_value": 24.771442413330078, "lr": 0.1}
{"testAcc": 0.699999988079071}
{"ECE_with_equal_mass": 0.5346047363220118, "ICE_smooth": 0.5320235610008239, "ICE_soft": 0.5320235610008239, "ICE_strong": 0.5320235610008239, "CECE": 0.5003702882387894, "MSECE": 0.5001726806163788, "WSECE": 0.4961959898471832, "RBECE": 0.5320235610008239}
{"Epoch": 13, "Iteration": 68, "train_acc": 0.6796875, "loss_value": 24.6648006439209, "lr": 0.1}
{"testAcc": 0.699999988079071}
{"ECE_with_equal_mass": 0.5346189728914164, "ICE_smooth": 0.5320383429527282, "ICE_soft": 0.5320383429527282, "ICE_strong": 0.5320383429527282, "CECE": 0.5002963027093587, "MSECE": 0.5000997543334961, "WSECE": 0.496134025255839, "RBECE": 0.5320383429527282}
{"Epoch": 14, "Iteration": 72, "train_acc": 0.6015625, "loss_value": 25.735454559326172, "lr": 0.1}
{"testAcc": 0.699999988079071}
{"ECE_with_equal_mass": 0.5346312295932036, "ICE_smooth": 0.5320511877536773, "ICE_soft": 0.5320511877536773, "ICE_strong": 0.5320511877536773, "CECE": 0.5002221915372954, "MSECE": 0.5000266889731089, "WSECE": 0.4960718135039011, "RBECE": 0.5320511877536773}
{"Epoch": 15, "Iteration": 76, "train_acc": 0.734375, "loss_value": 23.91474151611328, "lr": 0.1}
{"Epoch": 15, "Iteration": 80, "train_acc": 0.7045454382896423, "loss_value": 24.323240280151367, "lr": 0.1}
{"testAcc": 0.699999988079071}
{"ECE_with_equal_mass": 0.5346413415211898, "ICE_smooth": 0.532061767578125, "ICE_soft": 0.532061767578125, "ICE_strong": 0.532061767578125, "CECE": 0.5000001399043639, "MSECE": 0.499807870388031, "WSECE": 0.4958866906166077, "RBECE": 0.532061767578125}
{"Epoch": 16, "Iteration": 84, "train_acc": 0.65625, "loss_value": 24.985511779785156, "lr": 0.1}
{"testAcc": 0.699999988079071}
{"ECE_with_equal_mass": 0.5346499494253062, "ICE_smooth": 0.5320707827806472, "ICE_soft": 0.5320707827806472, "ICE_strong": 0.5320707827806472, "CECE": 0.5002961412830499, "MSECE": 0.5000995357831318, "WSECE": 0.4961332313219705, "RBECE": 0.5320707827806472}
{"Epoch": 17, "Iteration": 88, "train_acc": 0.703125, "loss_value": 24.343639373779297, "lr": 0.1}
{"testAcc": 0.699999988079071}
{"ECE_with_equal_mass": 0.5346571198640726, "ICE_smooth": 0.5320782631635665, "ICE_soft": 0.5320782631635665, "ICE_strong": 0.5320782631635665, "CECE": 0.5004442873320206, "MSECE": 0.5002454817295074, "WSECE": 0.49625646471977236, "RBECE": 0.5320782631635665}
{"Epoch": 18, "Iteration": 92, "train_acc": 0.6796875, "loss_value": 24.66493034362793, "lr": 0.1}
{"testAcc": 0.699999988079071}
{"ECE_with_equal_mass": 0.53466334656263, "ICE_smooth": 0.5320847451686859, "ICE_soft": 0.5320847451686859, "ICE_strong": 0.5320847451686859, "CECE": 0.5002225389330727, "MSECE": 0.5000269711017609, "WSECE": 0.4960714344183604, "RBECE": 0.5320847451686859}
{"Epoch": 19, "Iteration": 96, "train_acc": 0.703125, "loss_value": 24.3426513671875, "lr": 0.1}
{"Epoch": 19,