{"ECE_with_equal_mass": 0.13188842901816736, "ICE_smooth": 0.05319113731384273, "ICE_soft": 0.05319113731384273, "ICE_strong": 0.05319113731384273, "CECE": 0.5428694579746386, "MSECE": 0.49981516599655157, "WSECE": 0.441137486298879, "RBECE": 0.05319113731384273}
