{"Epoch": 0, "Iteration": 5, "train_acc": 0.7272727489471436, "loss_value": 0.6764042973518372, "lr": 0.001}
{"testAcc": 0.699999988079071}
{"Epoch": 1, "Iteration": 10, "train_acc": 0.7840909361839294, "loss_value": 0.6570229530334473, "lr": 0.001}
{"testAcc": 0.699999988079071}
{"Epoch": 2, "Iteration": 15, "train_acc": 0.625, "loss_value": 0.6795966029167175, "lr": 0.001}
{"testAcc": 0.699999988079071}
{"Epoch": 3, "Iteration": 20, "train_acc": 0.7272727489471436, "loss_value": 0.6403550505638123, "lr": 0.001}
{"testAcc": 0.699999988079071}
{"Epoch": 4, "Iteration": 25, "train_acc": 0.7159090638160706, "loss_value": 0.647881805896759, "lr": 0.001}
{"testAcc": 0.699999988079071}
{"Epoch": 5, "Iteration": 30, "train_acc": 0.6590909361839294, "loss_value": 0.6583127975463867, "lr": 0.001}
{"testAcc": 0.699999988079071}
{"Epoch": 6, "Iteration": 35, "train_acc": 0.6477272510528564, "loss_value": 0.7040966153144836, "lr": 0.001}
{"testAcc": 0.699999988079071}
{"Epoch": 7, "Iteration": 40, "train_acc": 0.5795454382896423, "loss_value": 0.6975600123405457, "lr": 0.001}
{"testAcc": 0.699999988079071}
{"Epoch": 8, "Iteration": 45, "train_acc": 0.7272727489471436, "loss_value": 0.6506385803222656, "lr": 0.001}
{"testAcc": 0.699999988079071}
{"Epoch": 9, "Iteration": 50, "train_acc": 0.6931818127632141, "loss_value": 0.6451662182807922, "lr": 0.001}
{"testAcc": 0.699999988079071}
{"Epoch": 10, "Iteration": 55, "train_acc": 0.6477272510528564, "loss_value": 0.6733933687210083, "lr": 0.001}
{"testAcc": 0.699999988079071}
{"Epoch": 11, "Iteration": 60, "train_acc": 0.7386363744735718, "loss_value": 0.6067275404930115, "lr": 0.001}
{"testAcc": 0.699999988079071}
{"Epoch": 12, "Iteration": 65, "train_acc": 0.6022727489471436, "loss_value": 0.6984716653823853, "lr": 0.001}
{"testAcc": 0.699999988079071}
{"Epoch": 13, "Iteration": 70, "train_acc": 0.7840909361839294, "loss_value": 0.608041524887085, "lr": 0.001}
{"testAcc": 0.699999988079071}
{"Epoch": 14, "Iteration": 75, "train_acc": 0.5795454382896423, "loss_value": 0.7072487473487854, "lr": 0.001}
{"testAcc": 0.699999988079071}
{"Epoch": 15, "Iteration": 80, "train_acc": 0.7386363744735718, "loss_value": 0.6155343055725098, "lr": 0.001}
{"testAcc": 0.699999988079071}
{"Epoch": 16, "Iteration": 85, "train_acc": 0.6818181872367859, "loss_value": 0.6238961815834045, "lr": 0.001}
{"testAcc": 0.699999988079071}
{"Epoch": 17, "Iteration": 90, "train_acc": 0.6704545617103577, "loss_value": 0.6793654561042786, "lr": 0.001}
{"testAcc": 0.699999988079071}
{"Epoch": 18, "Iteration": 95, "train_acc": 0.6477272510528564, "loss_value": 0.6825372576713562, "lr": 0.001}
{"testAcc": 0.699999988079071}
{"Epoch": 19, "Iteration": 100, "train_acc": 0.5681818127632141, "loss_value": 0.7341766357421875, "lr": 0.001}
{"testAcc": 0.699999988079071}
{"testAcc": 0.699999988079071}
{"ECE_with_equal_mass": 0.13188842901816736, "ICE_smooth": 0.05319113731384273, "ICE_soft": 0.05319113731384273, "ICE_strong": 0.05319113731384273, "CECE": 0.5428694579746386, "MSECE": 0.49981516599655157, "WSECE": 0.441137486298879, "RBECE": 0.05319113731384273}
{"testAcc": 0.699999988079071}
