{"ECE_with_equal_mass": 0.013362378174506584, "ICE_smooth": 0.01336256975597061, "ICE_soft": 0.01336256975597061, "ICE_strong": 0.01336256975597061, "CECE": 0.9702845877885977, "MSECE": 0.4999978105227152, "WSECE": 0.01675155363872229, "RBECE": 0.01336256975597061}
