{"ECE_with_equal_mass": 0.9965530665060156, "ICE_smooth": 0.9965532779333441, "ICE_soft": 0.9965532779333439, "ICE_strong": 0.996553277933344, "CECE": 0.9965532261076766, "MSECE": 0.5000000911060006, "WSECE": 0.9965592185333647, "RBECE": 0.996553277933344}
{"ECE_with_equal_mass": 0.9965530665060156, "ICE_smooth": 0.9965532779333441, "ICE_soft": 0.9965532779333439, "ICE_strong": 0.996553277933344, "CECE": 0.9965532261076766, "MSECE": 0.5000000911060006, "WSECE": 0.9965592185333647, "RBECE": 0.996553277933344}
